City_ID,City,Lat,Lng,Max Temp,Humidity,Cloudiness,Wind Speed,Country,Date
0,Kananga,-5.8958,22.4178,68.32,95,100,0.87,CD,2021-01-13 23:38:31
1,Cape Town,-33.9258,18.4232,72.0,73,0,12.66,ZA,2021-01-13 23:38:19
2,Mataura,-46.1927,168.8643,77.09,44,0,2.46,NZ,2021-01-13 23:38:31
3,Iberia,29.9502,-91.7507,55.0,62,1,10.36,US,2021-01-13 23:38:31
4,Asau,46.4333,26.4,28.4,100,42,2.3,RO,2021-01-13 23:34:49
5,Punta Arenas,-53.15,-70.9167,53.6,76,90,17.27,CL,2021-01-13 23:38:31
6,Ushuaia,-54.8,-68.3,57.2,54,75,4.85,AR,2021-01-13 23:36:21
7,Saskylakh,71.9167,114.0833,-44.52,76,94,10.54,RU,2021-01-13 23:34:51
8,Kokopo,-4.352,152.2633,84.6,64,93,2.53,PG,2021-01-13 23:38:31
9,Provideniya,64.3833,-173.3,5.0,72,90,8.95,RU,2021-01-13 23:38:32
10,Imeni Poliny Osipenko,52.4201,136.4853,-13.47,88,97,7.02,RU,2021-01-13 23:38:32
11,Hambantota,6.1241,81.1185,75.78,86,97,9.08,LK,2021-01-13 23:38:32
12,Busselton,-33.65,115.3333,62.01,62,90,4.0,AU,2021-01-13 23:38:32
13,Hobart,-42.8794,147.3294,69.01,45,75,8.05,AU,2021-01-13 23:37:23
14,Shorapur,16.5167,76.75,66.24,83,59,4.47,IN,2021-01-13 23:38:32
15,Hualmay,-11.0964,-77.6139,70.95,83,100,10.71,PE,2021-01-13 23:38:32
16,Narrabri,-30.3167,149.7833,82.4,44,0,12.66,AU,2021-01-13 23:38:32
17,Rikitea,-23.1203,-134.9692,77.99,75,64,12.64,PF,2021-01-13 23:38:32
18,Upernavik,72.7868,-56.1549,10.6,96,100,17.56,GL,2021-01-13 23:38:32
19,Chuy,-33.6971,-53.4616,63.39,62,0,10.18,UY,2021-01-13 23:38:32
20,Bluff,-46.6,168.3333,60.33,81,22,5.08,NZ,2021-01-13 23:38:33
21,Yellowknife,62.456,-114.3525,16.0,92,75,12.66,CA,2021-01-13 23:38:30
22,Srivardhan,18.0333,73.0167,77.23,54,3,4.88,IN,2021-01-13 23:38:33
23,Srednekolymsk,67.45,153.6833,-21.82,87,100,6.06,RU,2021-01-13 23:38:33
24,Hilo,19.7297,-155.09,84.2,51,20,8.05,US,2021-01-13 23:36:41
25,Constitucion,-35.3333,-72.4167,57.65,67,0,14.29,CL,2021-01-13 23:38:33
26,Kolondieba,11.0882,-6.8926,69.64,21,36,2.46,ML,2021-01-13 23:38:33
27,Port Alfred,-33.5906,26.891,66.99,97,100,18.84,ZA,2021-01-13 23:38:33
28,Esperance,-33.8667,121.9,59.0,63,90,6.91,AU,2021-01-13 23:33:37
29,Butaritari,3.0707,172.7902,81.57,77,81,19.84,KI,2021-01-13 23:38:33
30,Valera,9.3178,-70.6036,71.24,73,85,2.64,VE,2021-01-13 23:38:33
31,Albany,42.6001,-73.9662,34.0,68,99,2.59,US,2021-01-13 23:34:14
32,Ponta Do Sol,32.6667,-17.1,54.0,54,72,5.01,PT,2021-01-13 23:38:33
33,Bhanjanagar,19.9333,84.5833,63.93,90,2,1.63,IN,2021-01-13 23:38:34
34,Dubbo,-32.25,148.6167,86.0,32,30,13.8,AU,2021-01-13 23:36:24
35,Touros,-5.1989,-35.4608,80.6,78,40,11.5,BR,2021-01-13 23:35:30
36,Vaini,-21.2,-175.2,86.0,74,75,10.36,TO,2021-01-13 23:38:34
37,Puerto Ayora,-0.7393,-90.3518,87.8,55,75,18.41,EC,2021-01-13 23:38:34
38,Jamestown,42.097,-79.2353,36.0,75,1,10.36,US,2021-01-13 23:38:34
39,Atuona,-9.8,-139.0333,78.01,76,60,13.67,PF,2021-01-13 23:38:34
40,Georgetown,5.4112,100.3354,78.01,88,20,3.44,MY,2021-01-13 23:38:34
41,New Norfolk,-42.7826,147.0587,69.01,34,8,8.99,AU,2021-01-13 23:36:35
42,Hermanus,-34.4187,19.2345,71.01,84,40,11.01,ZA,2021-01-13 23:38:34
43,Fortuna,40.5982,-124.1573,60.01,94,90,4.61,US,2021-01-13 23:38:34
44,Mumford,5.2618,-0.759,79.41,86,23,10.65,GH,2021-01-13 23:34:49
45,Karratha,-20.7377,116.8463,98.31,26,6,6.11,AU,2021-01-13 23:38:03
46,Maturin,9.75,-63.1767,72.75,85,85,7.23,VE,2021-01-13 23:38:35
47,Sao Filipe,14.8961,-24.4956,71.44,74,81,12.64,CV,2021-01-13 23:38:35
48,Pacific Grove,36.6177,-121.9166,70.0,55,1,9.08,US,2021-01-13 23:38:00
49,Karpathos,35.507,27.2132,55.4,76,96,17.27,GR,2021-01-13 23:38:35
50,Jiwani,25.05,61.7417,66.65,30,0,6.33,PK,2021-01-13 23:38:35
51,Clyde River,70.4692,-68.5914,-9.4,84,90,6.91,CA,2021-01-13 23:35:36
52,Bako,5.7833,36.5667,66.97,52,56,2.1,ET,2021-01-13 23:36:36
53,Nanortalik,60.1432,-45.2371,29.73,94,100,11.86,GL,2021-01-13 23:38:35
54,Saint-Pierre,-21.3393,55.4781,80.6,83,90,6.91,RE,2021-01-13 23:35:42
55,Dikson,73.5069,80.5464,-28.64,85,0,6.71,RU,2021-01-13 23:38:35
56,Laguna,38.421,-121.4238,68.0,68,1,9.22,US,2021-01-13 23:38:35
57,Fairbanks,64.8378,-147.7164,-2.2,78,40,2.98,US,2021-01-13 23:38:35
58,Mayo,38.8876,-76.5119,41.0,87,1,3.44,US,2021-01-13 23:38:35
59,Honiara,-9.4333,159.95,85.84,63,86,7.56,SB,2021-01-13 23:38:35
60,Idaho Falls,43.4666,-112.0341,39.99,75,40,12.66,US,2021-01-13 23:33:48
61,Severo-Kurilsk,50.6789,156.125,20.7,83,35,6.44,RU,2021-01-13 23:38:36
62,Richards Bay,-28.783,32.0377,73.81,88,96,3.36,ZA,2021-01-13 23:38:36
63,Tafo,6.7345,-1.6127,74.32,82,1,4.61,GH,2021-01-13 23:38:36
64,Essen,51.45,7.0167,37.99,92,100,1.01,DE,2021-01-13 23:38:09
65,Mnogovershinnyy,53.9353,139.9242,-15.23,88,99,3.74,RU,2021-01-13 23:38:36
66,Ulladulla,-35.35,150.4667,86.0,51,0,8.05,AU,2021-01-13 23:38:36
67,Cockburn Town,21.4612,-71.1419,77.95,80,64,17.92,TC,2021-01-13 23:37:15
68,Maceio,-9.6658,-35.7353,75.2,88,0,5.75,BR,2021-01-13 23:36:11
69,Verkhniye Kigi,55.4083,58.6044,-9.35,86,2,3.22,RU,2021-01-13 23:38:36
70,Cidreira,-30.1811,-50.2056,70.88,74,20,15.05,BR,2021-01-13 23:36:05
71,San Patricio,28.017,-97.5169,59.0,58,1,6.91,US,2021-01-13 23:38:36
72,Meulaboh,4.1363,96.1285,75.79,78,100,3.22,ID,2021-01-13 23:38:36
73,Avarua,-21.2078,-159.775,86.0,70,20,20.71,CK,2021-01-13 23:38:37
74,Taltal,-25.4,-70.4833,65.3,74,32,5.41,CL,2021-01-13 23:38:37
75,Riyadh,24.6877,46.7219,48.2,34,0,3.09,SA,2021-01-13 23:35:32
76,Zhigansk,66.7697,123.3711,-40.25,80,100,11.5,RU,2021-01-13 23:38:37
77,Kapaa,22.0752,-159.319,81.0,61,1,10.36,US,2021-01-13 23:37:51
78,Maxixe,-23.8597,35.3472,76.59,90,0,4.59,MZ,2021-01-13 23:38:13
79,Kichera,55.9375,110.0997,-16.42,77,70,2.1,RU,2021-01-13 23:38:37
80,Ribeira Grande,38.5167,-28.7,61.68,86,97,18.3,PT,2021-01-13 23:35:33
81,Barrow,71.2906,-156.7887,-5.8,77,1,20.71,US,2021-01-13 23:38:37
82,Mahebourg,-20.4081,57.7,77.0,94,75,5.75,MU,2021-01-13 23:38:37
83,Hasaki,35.7333,140.8333,33.8,86,20,1.14,JP,2021-01-13 23:38:37
84,Usevya,-7.1,31.2333,67.1,86,100,2.82,TZ,2021-01-13 23:38:37
85,Kawalu,-7.3817,108.2082,75.0,84,100,2.08,ID,2021-01-13 23:38:37
86,Hithadhoo,-0.6,73.0833,82.02,73,98,21.32,MV,2021-01-13 23:38:37
87,Pucallpa,-8.3791,-74.5539,86.0,66,20,5.75,PE,2021-01-13 23:38:38
88,Saldanha,-33.0117,17.9442,75.2,60,0,3.44,ZA,2021-01-13 23:38:38
89,Concordia,-31.393,-58.0209,82.4,39,0,10.36,AR,2021-01-13 23:37:31
90,Qaanaaq,77.484,-69.3632,-2.45,81,0,4.65,GL,2021-01-13 23:34:45
91,Alice Springs,-23.7,133.8833,91.4,24,0,6.91,AU,2021-01-13 23:34:27
92,Mackenzie,55.2999,-123.1698,28.4,74,20,6.91,CA,2021-01-13 23:38:38
93,Castro,-24.7911,-50.0119,65.25,94,82,10.29,BR,2021-01-13 23:38:38
94,Cherskiy,68.75,161.3,-20.51,87,100,5.1,RU,2021-01-13 23:38:38
95,Alofi,-19.0595,-169.9187,86.0,74,75,11.5,NU,2021-01-13 23:38:38
96,Guerrero Negro,27.9769,-114.0611,68.27,25,0,12.01,MX,2021-01-13 23:38:38
97,Chumikan,54.7183,135.315,-13.23,85,96,10.33,RU,2021-01-13 23:38:39
98,Pangkalanbuun,-2.6833,111.6167,75.81,95,100,2.37,ID,2021-01-13 23:34:59
99,Bongandanga,1.5,21.05,71.76,59,94,2.98,CD,2021-01-13 23:38:39
100,Vao,-22.6667,167.4833,77.52,84,97,19.55,NC,2021-01-13 23:38:39
101,Lagoa,39.05,-27.9833,60.08,90,66,15.14,PT,2021-01-13 23:38:39
102,Najran,17.4924,44.1277,50.0,50,0,0.36,SA,2021-01-13 23:35:20
103,Walvis Bay,-22.9575,14.5053,70.0,83,100,5.75,NA,2021-01-13 23:38:39
104,Sitka,57.0531,-135.33,37.4,87,75,9.22,US,2021-01-13 23:38:39
105,Los Cordobas,8.894,-76.3546,79.3,83,89,10.04,CO,2021-01-13 23:38:40
106,Mar Del Plata,-38.0023,-57.5575,63.0,67,0,13.8,AR,2021-01-13 23:38:40
107,Liverpool,53.4106,-2.9779,48.0,100,90,6.91,GB,2021-01-13 23:33:56
108,Thompson,55.7435,-97.8558,28.4,100,90,6.91,CA,2021-01-13 23:38:40
109,Arlit,18.7369,7.3853,68.27,24,52,8.63,NE,2021-01-13 23:38:40
110,Atar,20.5169,-13.0499,61.88,28,78,12.46,MR,2021-01-13 23:38:40
111,Katsuura,35.1333,140.3,44.01,61,20,3.44,JP,2021-01-13 23:38:40
112,Tasiilaq,65.6145,-37.6368,32.0,86,90,32.21,GL,2021-01-13 23:38:40
113,Gondanglegi,-7.7479,112.0132,78.04,80,100,6.96,ID,2021-01-13 23:38:40
114,Lompoc,34.6391,-120.4579,68.0,67,1,12.66,US,2021-01-13 23:38:40
115,Te Anau,-45.4167,167.7167,72.45,47,23,5.44,NZ,2021-01-13 23:38:40
116,Airai,-8.9266,125.4092,69.78,89,99,1.03,TL,2021-01-13 23:38:41
117,Kavieng,-2.5744,150.7967,84.96,70,69,13.47,PG,2021-01-13 23:38:41
118,Bathsheba,13.2167,-59.5167,78.8,69,20,16.11,BB,2021-01-13 23:34:43
119,Ouadda,8.0777,22.4007,68.29,25,12,5.23,CF,2021-01-13 23:38:41
120,Zaysan,47.4667,84.8667,-3.44,91,100,1.92,KZ,2021-01-13 23:38:41
121,Nuuk,64.1835,-51.7216,24.8,100,90,1.14,GL,2021-01-13 23:38:41
122,Ostrovnoy,68.0531,39.5131,4.08,93,67,22.66,RU,2021-01-13 23:38:41
123,Acapulco,16.8634,-99.8901,84.2,74,90,9.22,MX,2021-01-13 23:35:18
124,Roald,62.5833,6.1333,26.6,63,0,6.91,NO,2021-01-13 23:38:41
125,Calvinia,-31.4707,19.776,78.78,40,1,3.24,ZA,2021-01-13 23:38:41
126,Bredasdorp,-34.5322,20.0403,69.8,83,98,11.5,ZA,2021-01-13 23:38:42
127,Mtambile,-5.3833,39.7,77.61,83,1,10.51,TZ,2021-01-13 23:38:42
128,Omsukchan,62.5333,155.8,-35.07,78,81,3.53,RU,2021-01-13 23:38:42
129,Ati,13.2154,18.3353,68.77,21,0,11.43,TD,2021-01-13 23:38:42
130,Harper,4.375,-7.7169,78.26,85,100,6.22,LR,2021-01-13 23:38:42
131,Yerbogachen,61.2767,108.0108,-16.62,87,100,10.6,RU,2021-01-13 23:38:42
132,Sept-Iles,50.2001,-66.3821,24.8,80,100,3.44,CA,2021-01-13 23:38:42
133,Tiksi,71.6872,128.8694,-31.36,81,64,2.93,RU,2021-01-13 23:38:42
134,Ust-Kuyga,70.0167,135.6,-41.62,77,44,1.83,RU,2021-01-13 23:38:42
135,Villa Sandino,12.0483,-84.9936,84.2,54,40,6.91,NI,2021-01-13 23:38:43
136,Leningradskiy,69.3833,178.4167,-11.29,89,100,7.4,RU,2021-01-13 23:34:41
137,Gander,48.9682,-54.5906,26.6,86,90,6.91,CA,2021-01-13 23:38:43
138,Faya,18.3851,42.4509,48.2,71,0,1.86,SA,2021-01-13 23:38:43
139,Aizkraukle,56.6048,25.2553,25.0,92,99,1.99,LV,2021-01-13 23:38:43
140,Lata,40.1629,-8.3327,42.01,90,0,2.59,PT,2021-01-13 23:35:54
141,Nikolskoye,59.7035,30.7861,6.8,78,99,11.18,RU,2021-01-13 23:38:43
142,Oistins,13.0667,-59.5333,78.8,69,20,16.11,BB,2021-01-13 23:38:43
143,Tetiyiv,49.3767,29.6647,27.66,98,90,6.15,UA,2021-01-13 23:38:43
144,Goderich,43.7501,-81.7165,35.6,80,100,8.05,CA,2021-01-13 23:38:43
145,Bambous Virieux,-20.3428,57.7575,77.0,94,75,5.75,MU,2021-01-13 23:38:43
146,Haapiti,-17.5667,-149.8667,87.8,62,40,6.91,PF,2021-01-13 23:38:43
147,Bolshaya Izhora,59.938,29.5772,6.8,78,100,11.18,RU,2021-01-13 23:38:44
148,Victoria,22.2855,114.1577,55.0,54,6,7.38,HK,2021-01-13 23:38:01
149,Bubaque,11.2833,-15.8333,77.94,72,0,9.93,GW,2021-01-13 23:38:44
150,Bourail,-21.5667,165.4833,77.27,88,100,3.94,NC,2021-01-13 23:38:44
151,Klaksvik,62.2266,-6.589,39.2,87,75,19.57,FO,2021-01-13 23:38:44
152,Geraldton,-28.7667,114.6,77.0,36,0,17.27,AU,2021-01-13 23:34:13
153,Luderitz,-26.6481,15.1594,64.96,88,29,7.96,NA,2021-01-13 23:38:44
154,Pisco,-13.7,-76.2167,70.0,83,0,23.02,PE,2021-01-13 23:38:44
155,Iqaluit,63.7506,-68.5145,-13.0,70,20,8.05,CA,2021-01-13 23:38:44
156,Isabela,6.7085,121.9711,77.0,100,75,2.3,PH,2021-01-13 23:38:44
157,Torbay,47.6666,-52.7314,30.0,93,90,4.76,CA,2021-01-13 23:35:31
158,Moree,-29.4667,149.85,80.6,54,0,11.5,AU,2021-01-13 23:35:01
159,Bull Savanna,17.8868,-77.5902,73.17,82,28,7.02,JM,2021-01-13 23:38:44
160,Carutapera,-1.195,-46.02,77.77,84,100,7.52,BR,2021-01-13 23:38:45
161,Tarko-Sale,64.9225,77.785,7.05,94,100,21.43,RU,2021-01-13 23:38:45
162,Spornoye,50.8448,37.2913,23.0,100,90,13.42,RU,2021-01-13 23:38:45
163,Port Blair,11.6667,92.75,77.23,74,9,8.63,IN,2021-01-13 23:38:45
164,Grand Gaube,-20.0064,57.6608,77.0,81,2,1.99,MU,2021-01-13 23:34:50
165,Zhezkazgan,47.8043,67.7144,-12.53,89,65,8.7,KZ,2021-01-13 23:38:45
166,Port Elizabeth,-33.918,25.5701,69.8,88,90,9.22,ZA,2021-01-13 23:38:45
167,Ahuimanu,21.4447,-157.8378,82.4,54,75,10.36,US,2021-01-13 23:38:45
168,Mersing,2.4312,103.8405,77.0,83,100,9.22,MY,2021-01-13 23:38:45
169,Arraial Do Cabo,-22.9661,-42.0278,77.0,87,20,17.27,BR,2021-01-13 23:38:45
170,General Roca,-39.0333,-67.5833,80.6,47,40,17.27,AR,2021-01-13 23:38:45
171,Abalak,58.1286,68.5944,-20.56,87,0,5.46,RU,2021-01-13 23:38:46
172,Dhidhdhoo,6.8833,73.1,79.79,82,99,11.36,MV,2021-01-13 23:38:46
173,Tazovskiy,67.4667,78.7,-2.13,93,100,6.67,RU,2021-01-13 23:38:46
174,Dakar,14.6937,-17.4441,66.2,77,0,9.22,SN,2021-01-13 23:35:38
175,Chokurdakh,70.6333,147.9167,-31.05,85,60,5.57,RU,2021-01-13 23:38:46
176,Khatanga,71.9667,102.5,-31.63,83,100,13.62,RU,2021-01-13 23:34:45
177,Abu Samrah,35.3029,37.1841,53.56,74,53,14.54,SY,2021-01-13 23:38:46
178,Labuhan,-6.8844,112.2051,78.19,84,100,8.34,ID,2021-01-13 23:38:46
179,Talnakh,69.4865,88.3972,-26.39,78,3,10.65,RU,2021-01-13 23:34:51
180,Country Club,25.9482,-80.317,69.8,82,75,9.22,US,2021-01-13 23:38:46
181,Mogadishu,2.0371,45.3438,76.01,84,52,20.27,SO,2021-01-13 23:38:46
182,Nyurba,63.2842,118.3319,-16.78,87,100,6.31,RU,2021-01-13 23:38:47
183,Isangel,-19.55,169.2667,86.0,79,75,9.73,VU,2021-01-13 23:38:47
184,Dawlatabad,36.4141,64.9053,37.17,66,0,0.34,AF,2021-01-13 23:38:47
185,Antalaha,-14.9003,50.2788,76.23,91,15,3.02,MG,2021-01-13 23:38:47
186,Sabha,27.0377,14.4283,49.21,46,100,6.6,LY,2021-01-13 23:38:47
187,Pevek,69.7008,170.3133,-20.81,88,89,4.05,RU,2021-01-13 23:38:47
188,Campo Gobierno,24.6536,-107.5411,82.4,20,40,5.75,MX,2021-01-13 23:38:47
189,Coihaique,-45.5752,-72.0662,69.8,37,0,9.22,CL,2021-01-13 23:38:47
190,Tevaitoa,-16.7833,-151.5,81.64,75,34,16.91,PF,2021-01-13 23:38:47
191,Lahaina,20.8783,-156.6825,84.2,51,20,10.36,US,2021-01-13 23:35:28
192,Lebu,-37.6167,-73.65,56.08,80,0,14.88,CL,2021-01-13 23:38:47
193,Wagar,16.1525,36.2032,65.35,85,0,7.27,SD,2021-01-13 23:38:48
194,Dunedin,-45.8742,170.5036,65.73,69,41,8.01,NZ,2021-01-13 23:34:47
195,Baykit,61.67,96.37,-5.37,87,100,7.0,RU,2021-01-13 23:38:48
196,Mwense,-10.3845,28.698,66.58,93,100,2.44,ZM,2021-01-13 23:38:48
197,Quchan,37.106,58.5095,39.38,52,0,2.73,IR,2021-01-13 23:38:48
198,Inverness,57.4791,-4.224,36.0,93,90,6.91,GB,2021-01-13 23:38:48
199,Thinadhoo,0.5333,72.9333,82.04,73,85,18.63,MV,2021-01-13 23:38:48
200,China,25.7,-99.2333,62.38,32,9,6.67,MX,2021-01-13 23:38:48
201,Romitan,39.9343,64.3814,30.2,80,0,6.91,UZ,2021-01-13 23:38:48
202,Auki,-8.7676,160.7034,86.14,61,35,3.18,SB,2021-01-13 23:38:48
203,Saint-Philippe,-21.3585,55.7679,80.6,83,90,6.91,RE,2021-01-13 23:38:48
204,Faanui,-16.4833,-151.75,81.64,76,70,16.24,PF,2021-01-13 23:35:26
205,Ahipara,-35.1667,173.1667,74.1,56,2,5.12,NZ,2021-01-13 23:38:49
206,Tucumcari,35.1717,-103.725,64.4,19,1,3.44,US,2021-01-13 23:38:49
207,Norman Wells,65.282,-126.8329,3.2,92,90,16.11,CA,2021-01-13 23:36:35
208,Kodiak,57.79,-152.4072,35.6,87,40,4.61,US,2021-01-13 23:38:49
209,Didsbury,53.417,-2.2315,43.0,100,90,2.3,GB,2021-01-13 23:38:49
210,Tuatapere,-46.1333,167.6833,68.92,61,19,7.49,NZ,2021-01-13 23:38:49
211,Takoradi,4.8845,-1.7554,78.91,87,36,8.28,GH,2021-01-13 23:38:49
212,Vardo,70.3705,31.1107,18.52,96,100,20.09,NO,2021-01-13 23:35:30
213,Kijang,35.2442,129.2139,32.0,80,0,3.44,KR,2021-01-13 23:38:49
214,Bethel,41.3712,-73.414,35.6,60,90,3.44,US,2021-01-13 23:38:49
215,Qujing,25.4833,103.7833,35.1,87,29,0.72,CN,2021-01-13 23:38:49
216,Mayahi,13.9553,7.6712,67.86,23,1,11.74,NE,2021-01-13 23:38:49
217,Longyearbyen,78.2186,15.6401,17.6,79,75,5.75,SJ,2021-01-13 23:36:04
218,Camacha,33.0833,-16.3333,55.4,67,20,5.75,PT,2021-01-13 23:38:50
219,Iquique,-20.2208,-70.1431,71.6,64,0,16.11,CL,2021-01-13 23:38:12
220,Tuktoyaktuk,69.4541,-133.0374,-18.4,76,75,4.85,CA,2021-01-13 23:38:50
221,Bukama,-9.2,25.85,68.27,94,100,1.21,CD,2021-01-13 23:38:50
222,Kyabram,-36.3167,145.05,73.0,43,0,1.01,AU,2021-01-13 23:38:50
223,Nuevitas,21.5453,-77.2644,77.0,73,20,8.05,CU,2021-01-13 23:38:50
224,Jacareacanga,-6.2222,-57.7528,75.4,93,100,2.01,BR,2021-01-13 23:38:50
225,Luena,-11.7833,19.9167,63.63,97,100,4.32,AO,2021-01-13 23:38:50
226,Williston,48.147,-103.618,53.6,37,20,34.52,US,2021-01-13 23:38:50
227,Urumqi,43.801,87.6005,14.0,73,0,8.95,CN,2021-01-13 23:38:50
228,Hermosillo,29.0667,-110.9667,84.2,5,1,5.75,MX,2021-01-13 23:34:53
229,Port-Gentil,-0.7193,8.7815,77.0,94,20,2.3,GA,2021-01-13 23:38:50
230,Chicama,-7.8447,-79.1469,72.77,74,80,7.56,PE,2021-01-13 23:38:50
231,Tura,25.5198,90.2201,52.27,48,0,2.73,IN,2021-01-13 23:38:50
232,Pervomaysk,48.0443,30.8507,27.61,98,43,7.87,UA,2021-01-13 23:38:51
233,Ilulissat,69.2167,-51.1,24.8,80,75,12.66,GL,2021-01-13 23:38:51
234,Penzance,50.1186,-5.5371,50.0,100,90,18.41,GB,2021-01-13 23:38:51
235,Grindavik,63.8424,-22.4338,39.2,93,75,14.97,IS,2021-01-13 23:38:51
236,Barstow,34.8986,-117.0228,66.2,13,1,9.22,US,2021-01-13 23:38:51
237,Yar-Sale,66.8333,70.8333,3.69,89,100,16.4,RU,2021-01-13 23:38:51
238,Puerto Narino,-3.7703,-70.3831,78.8,89,75,2.3,CO,2021-01-13 23:38:51
239,Hanyang,32.1371,105.5126,30.99,79,0,0.76,CN,2021-01-13 23:38:51
240,Port Hardy,50.6996,-127.4199,46.4,76,75,4.61,CA,2021-01-13 23:38:51
241,Kilvelur,10.7672,79.7419,75.79,91,71,11.61,IN,2021-01-13 23:38:51
242,Cururupu,-1.8283,-44.8683,76.48,86,99,4.0,BR,2021-01-13 23:38:51
243,Pontianak,-0.0333,109.3333,75.2,94,75,6.64,ID,2021-01-13 23:38:51
244,Buala,-8.145,159.5921,84.97,67,81,7.31,SB,2021-01-13 23:38:51
245,Nishihara,26.1842,127.7558,60.8,51,75,4.61,JP,2021-01-13 23:38:51
246,General Pico,-35.6566,-63.7568,79.52,26,15,10.8,AR,2021-01-13 23:36:21
247,Qaqortoq,60.7167,-46.0333,30.2,80,90,4.61,GL,2021-01-13 23:38:52
248,Sao Joao Da Barra,-21.6403,-41.0511,76.6,86,0,15.19,BR,2021-01-13 23:38:52
249,Columbia,34.0007,-81.0348,42.8,87,90,5.75,US,2021-01-13 23:38:16
250,Kaitangata,-46.2817,169.8464,68.0,69,37,8.99,NZ,2021-01-13 23:38:52
251,Kieta,-6.2167,155.6333,84.56,65,93,6.44,PG,2021-01-13 23:38:52
252,Husavik,66.0449,-17.3389,41.0,65,90,18.41,IS,2021-01-13 23:35:51
253,Giddarbaha,30.2,74.6667,48.31,43,30,3.83,IN,2021-01-13 23:38:52
254,Lambayeque,-6.7011,-79.9061,73.4,73,0,21.85,PE,2021-01-13 23:38:52
255,Mareeba,-17.0,145.4333,81.0,89,90,10.36,AU,2021-01-13 23:38:52
256,Ambunti,-4.2365,142.8448,88.07,65,73,1.3,PG,2021-01-13 23:34:59
257,Ayutla,20.1167,-104.3333,67.57,31,100,4.21,MX,2021-01-13 23:38:52
258,Chara,56.9064,118.2631,-30.8,68,57,0.98,RU,2021-01-13 23:36:13
259,Nabire,-3.3667,135.4833,82.58,78,100,0.89,ID,2021-01-13 23:38:53
260,Charters Towers,-20.1,146.2667,81.63,64,95,10.45,AU,2021-01-13 23:38:53
261,Cabedelo,-6.9811,-34.8339,78.8,83,75,4.61,BR,2021-01-13 23:38:53
262,Casa Nova,-9.4167,-41.1333,78.8,83,0,4.61,BR,2021-01-13 23:38:53
263,La Palma,33.8464,-118.0467,75.0,35,75,8.05,US,2021-01-13 23:38:53
264,Hovd,48.0056,91.6419,1.65,74,18,8.16,MN,2021-01-13 23:38:53
265,Russell,32.3502,-85.1999,48.2,46,75,4.61,US,2021-01-13 23:34:47
266,Gat,31.61,34.7642,63.0,100,75,11.07,IL,2021-01-13 23:38:53
267,Blairmore,49.6,-114.4353,35.6,64,92,18.41,CA,2021-01-13 23:38:53
268,Northam,51.0333,-4.2167,50.0,100,100,5.99,GB,2021-01-13 23:38:53
269,Port Augusta,-32.5,137.7667,71.01,64,26,13.8,AU,2021-01-13 23:38:53
270,Ankang,32.68,109.0172,36.54,75,41,1.54,CN,2021-01-13 23:38:53
271,Khani,41.9563,42.9566,53.6,87,90,6.91,GE,2021-01-13 23:38:53
272,Olga,43.7444,135.2892,12.16,79,0,17.56,RU,2021-01-13 23:38:53
273,Narsaq,60.9167,-46.05,30.2,80,90,4.61,GL,2021-01-13 23:38:54
274,Kota Belud,6.351,116.4305,77.0,94,20,5.75,MY,2021-01-13 23:38:54
275,Cabo Rojo,18.0866,-67.1457,79.0,79,33,1.01,PR,2021-01-13 23:38:54
276,Dongsheng,39.8161,109.9776,22.32,58,100,10.09,CN,2021-01-13 23:38:54
277,Hirara,24.8,125.2833,57.2,72,20,3.44,JP,2021-01-13 23:35:40
278,Vazante,-17.9869,-46.9078,73.53,86,100,1.7,BR,2021-01-13 23:38:54
279,Mount Isa,-20.7333,139.5,89.6,37,21,11.5,AU,2021-01-13 23:35:43
280,Balsic,14.8589,120.4836,75.2,69,20,8.05,PH,2021-01-13 23:38:54
281,Hami,42.8,93.45,15.85,85,52,7.76,CN,2021-01-13 23:38:54
282,La Ronge,55.1001,-105.2842,24.8,93,100,10.36,CA,2021-01-13 23:38:54
283,Birao,10.2849,22.7882,66.29,25,4,4.41,CF,2021-01-13 23:38:54
284,Healesville,-37.65,145.5167,64.99,68,81,1.01,AU,2021-01-13 23:38:55
285,Trelew,-43.249,-65.3051,69.24,39,95,23.64,AR,2021-01-13 23:34:21
286,Kamaishi,39.2667,141.8833,33.8,100,75,2.3,JP,2021-01-13 23:38:55
287,Baicheng,45.6167,122.8167,-5.44,80,11,2.68,CN,2021-01-13 23:38:55
288,Shakiso,5.75,38.9167,54.73,52,2,4.52,ET,2021-01-13 23:38:55
289,Ola,59.5833,151.2833,-7.55,83,86,6.73,RU,2021-01-13 23:38:55
290,Mhlume,-26.0333,31.85,75.2,83,58,2.3,SZ,2021-01-13 23:38:55
291,East London,-33.0153,27.9116,73.0,91,100,14.45,ZA,2021-01-13 23:38:55
292,Fayaoue,-20.65,166.5333,78.01,90,100,13.38,NC,2021-01-13 23:35:12
293,Madimba,-10.4,40.3333,78.8,89,21,19.57,TZ,2021-01-13 23:38:55
294,Kincardine,56.0667,-3.7167,37.0,100,90,9.22,GB,2021-01-13 23:38:55
295,Necochea,-38.5473,-58.7368,63.0,67,0,16.08,AR,2021-01-13 23:38:56
296,Ayna,-12.65,-73.9167,62.94,79,100,0.54,PE,2021-01-13 23:38:56
297,Viedma,-40.8135,-62.9967,70.0,53,70,23.47,AR,2021-01-13 23:38:56
298,Elizabeth City,36.2946,-76.2511,44.6,70,1,4.61,US,2021-01-13 23:36:26
299,Ryki,51.6257,21.9327,32.0,50,92,3.47,PL,2021-01-13 23:38:56
300,Brae,60.3964,-1.353,37.4,65,40,13.8,GB,2021-01-13 23:35:38
301,Timra,62.487,17.3257,14.0,85,90,18.41,SE,2021-01-13 23:38:56
302,Soderhamn,61.3037,17.0592,21.99,91,100,1.01,SE,2021-01-13 23:38:56
303,Emerald,-23.5333,148.1667,82.4,57,0,8.05,AU,2021-01-13 23:38:56
304,Catuday,16.2923,119.8062,76.06,79,2,7.96,PH,2021-01-13 23:38:56
305,Lewistown,40.5992,-77.5714,39.2,70,1,4.81,US,2021-01-13 23:38:56
306,Bowen,-20.0167,148.2333,82.4,65,40,19.57,AU,2021-01-13 23:38:56
307,Vila,42.0304,-8.1588,43.0,100,0,3.44,PT,2021-01-13 23:38:57
308,Puerto Berrio,6.4916,-74.4033,78.51,80,100,2.15,CO,2021-01-13 23:38:57
309,Coos Bay,43.3665,-124.2179,55.4,76,1,6.91,US,2021-01-13 23:34:18
310,Vestmannaeyjar,63.4427,-20.2734,44.17,75,99,11.21,IS,2021-01-13 23:38:57
311,Banjar,-8.19,114.9675,80.6,89,40,2.3,ID,2021-01-13 23:38:57
312,Methoni,36.8197,21.7049,48.99,100,1,4.61,GR,2021-01-13 23:34:41
313,Kirakira,-10.4544,161.9205,84.02,76,90,11.65,SB,2021-01-13 23:38:57
314,Gornopravdinsk,60.05,69.9,-17.41,88,66,6.29,RU,2021-01-13 23:38:57
315,Naze,28.3667,129.4833,53.6,71,40,4.61,JP,2021-01-13 23:35:00
316,Manvi,15.9833,77.05,66.45,82,0,2.68,IN,2021-01-13 23:38:57
317,Quelimane,-17.8786,36.8883,77.0,78,20,2.3,MZ,2021-01-13 23:38:57
318,Jambi,-1.6,103.6167,72.55,97,100,2.98,ID,2021-01-13 23:38:57
319,Chapais,49.7834,-74.8492,26.6,93,90,11.5,CA,2021-01-13 23:38:58
320,Palu,-0.8917,119.8707,79.92,78,100,1.14,ID,2021-01-13 23:38:58
321,Nalut,30.3333,10.85,42.78,61,0,4.21,LY,2021-01-13 23:36:11
322,Camargo,27.6667,-105.1667,57.96,31,0,0.87,MX,2021-01-13 23:35:10
323,Antofagasta,-23.65,-70.4,66.2,72,20,13.8,CL,2021-01-13 23:38:58
324,Vila Velha,-20.3297,-40.2925,78.8,78,20,11.5,BR,2021-01-13 23:34:38
325,Mehamn,71.0357,27.8492,26.1,97,100,22.35,NO,2021-01-13 23:38:59
326,Sobolevo,54.4299,31.8996,14.76,96,100,11.59,RU,2021-01-13 23:38:59
327,Opuwo,-18.0607,13.84,69.46,46,100,7.54,NA,2021-01-13 23:35:00
328,Junnar,19.2,73.8833,67.69,57,2,1.9,IN,2021-01-13 23:38:59
329,Nicoya,10.1483,-85.452,84.2,51,0,12.66,CR,2021-01-13 23:34:27
330,La Tuque,47.4334,-72.7824,28.4,93,99,4.61,CA,2021-01-13 23:36:04
331,Aranda De Duero,41.6704,-3.6892,27.75,94,2,3.04,ES,2021-01-13 23:36:06
332,Iracoubo,5.4802,-53.2011,77.45,86,67,13.44,GF,2021-01-13 23:39:01
333,Nosy Varika,-20.5833,48.5333,76.93,89,6,7.38,MG,2021-01-13 23:39:02
334,Molchanovo,57.5817,83.7692,-7.64,91,98,7.99,RU,2021-01-13 23:39:02
335,Carauari,-4.8828,-66.8958,76.01,94,85,1.36,BR,2021-01-13 23:39:02
336,Gibara,21.1097,-76.1317,78.8,61,20,9.22,CU,2021-01-13 23:39:02
337,San Quintin,30.4833,-115.95,65.46,33,0,4.94,MX,2021-01-13 23:39:02
338,Sioux Lookout,50.1001,-91.917,26.6,93,90,4.61,CA,2021-01-13 23:39:02
339,Khandbari,27.3747,87.2039,49.51,64,23,1.61,NP,2021-01-13 23:39:02
340,Basoko,1.2391,23.616,74.3,64,98,3.22,CD,2021-01-13 23:39:03
341,Enterprise,36.0252,-115.2419,62.01,13,75,2.28,US,2021-01-13 23:39:03
342,Henties Bay,-22.116,14.2845,70.0,84,100,4.09,NA,2021-01-13 23:35:48
343,Kenai,60.5544,-151.2583,30.99,93,75,5.75,US,2021-01-13 23:39:03
344,Sinop,41.7711,34.8709,38.86,88,100,3.27,TR,2021-01-13 23:39:03
345,Prince Rupert,54.3161,-130.3201,44.6,70,75,8.05,CA,2021-01-13 23:39:03
346,Novopavlovka,51.2172,109.2091,-18.45,85,58,2.59,RU,2021-01-13 23:39:03
347,Poyarkovo,49.6,128.6833,-18.02,87,47,6.11,RU,2021-01-13 23:39:03
348,Thurso,58.5927,-3.5259,42.8,75,90,17.27,GB,2021-01-13 23:39:04
349,Sampit,-2.5333,112.95,76.96,94,100,3.38,ID,2021-01-13 23:39:04
350,Dingle,10.9995,122.6711,78.37,88,99,12.12,PH,2021-01-13 23:39:04
351,Saint George,37.1041,-113.5841,55.99,19,1,3.44,US,2021-01-13 23:38:24
352,Chester,40.1254,-75.8749,37.99,65,1,6.35,US,2021-01-13 23:39:04
353,Da Lat,11.9465,108.4419,55.45,77,0,2.28,VN,2021-01-13 23:34:50
354,Berlevag,70.8578,29.0864,21.33,95,100,23.51,NO,2021-01-13 23:39:04
355,Taphan Hin,16.2209,100.4198,64.99,67,0,1.57,TH,2021-01-13 23:39:04
356,Mezen,65.8522,44.24,-14.08,88,93,5.77,RU,2021-01-13 23:39:04
357,Olafsvik,64.8945,-23.7142,41.05,82,79,14.88,IS,2021-01-13 23:39:04
358,Buraydah,26.326,43.975,50.0,81,0,4.61,SA,2021-01-13 23:35:27
359,Matamoros,25.5333,-103.25,60.8,29,75,4.72,MX,2021-01-13 23:34:36
360,Tanout,14.9709,8.8879,65.52,26,51,12.41,NE,2021-01-13 23:39:05
361,Petersburg,37.2279,-77.4019,42.8,69,1,3.44,US,2021-01-13 23:38:05
362,Carnarvon,-24.8667,113.6333,77.0,94,40,12.66,AU,2021-01-13 23:38:10
363,Plettenberg Bay,-34.0527,23.3716,69.17,91,16,8.34,ZA,2021-01-13 23:35:38
364,Bilma,18.6853,12.9164,65.52,38,69,15.21,NE,2021-01-13 23:39:05
365,Tateyama,34.9833,139.8667,46.4,76,20,1.14,JP,2021-01-13 23:39:05
366,Atbasar,51.8,68.3333,-16.82,85,0,3.65,KZ,2021-01-13 23:39:05
367,Bontang,0.1333,117.5,77.0,89,100,9.91,ID,2021-01-13 23:39:05
368,Souillac,-20.5167,57.5167,77.0,94,75,5.75,MU,2021-01-13 23:39:05
369,West Helena,34.5507,-90.6418,48.2,66,14,8.05,US,2021-01-13 23:39:05
370,Marsh Harbour,26.5412,-77.0636,72.91,75,82,7.11,BS,2021-01-13 23:39:05
371,Honningsvag,70.9821,25.9704,32.25,98,100,27.42,NO,2021-01-13 23:39:05
372,Jacqueville,5.2052,-4.4146,78.8,94,0,4.61,CI,2021-01-13 23:39:05
373,Bardiyah,31.7561,25.0865,55.4,64,0,20.31,LY,2021-01-13 23:39:06
374,Ossora,59.2353,163.0719,-6.93,88,99,3.4,RU,2021-01-13 23:36:12
375,Sompeta,18.9333,84.6,69.17,81,36,3.94,IN,2021-01-13 23:39:06
376,Komsomolskiy,40.4272,71.7189,30.2,64,53,0.83,UZ,2021-01-13 23:39:06
377,Palmer,42.1584,-72.3287,35.6,60,90,3.44,US,2021-01-13 23:39:06
378,Bengkulu,-3.8004,102.2655,76.08,81,99,5.17,ID,2021-01-13 23:39:06
379,Zaranj,30.9667,61.8833,39.04,54,0,2.39,AF,2021-01-13 23:39:06
380,Lanxi,29.2195,119.477,37.99,6,9,1.34,CN,2021-01-13 23:39:06
381,Stephenville,32.2207,-98.2023,60.8,29,1,6.91,US,2021-01-13 23:38:38
382,Kununurra,-15.7667,128.7333,82.4,89,37,3.11,AU,2021-01-13 23:39:06
383,Muros,42.7762,-9.0603,46.0,87,14,1.01,ES,2021-01-13 23:39:07
384,Matara,5.9485,80.5353,74.55,88,96,6.71,LK,2021-01-13 23:39:07
385,Aklavik,68.2191,-135.0107,-14.8,76,100,1.14,CA,2021-01-13 23:34:40
386,Teguise,29.0605,-13.564,59.0,63,20,9.22,ES,2021-01-13 23:39:07
387,Omsk,55.0,73.4,-4.0,77,75,4.47,RU,2021-01-13 23:39:07
388,Locri,38.2414,16.2623,57.99,97,2,10.63,IT,2021-01-13 23:39:07
389,Darnah,32.767,22.6367,56.52,74,10,17.25,LY,2021-01-13 23:39:07
390,San Ramon,37.7799,-121.978,70.0,52,1,4.61,US,2021-01-13 23:39:07
391,Havoysund,70.9963,24.6622,28.4,80,40,9.22,NO,2021-01-13 23:39:07
392,Taga,46.95,24.05,21.2,100,20,2.3,RO,2021-01-13 23:39:07
393,Contai,21.7786,87.7536,61.34,65,11,7.85,IN,2021-01-13 23:39:08
394,Chardara,41.2547,67.9692,35.58,84,0,7.14,KZ,2021-01-13 23:39:08
395,Emba,48.8264,58.1442,-1.43,88,77,13.98,KZ,2021-01-13 23:39:08
396,Coahuayana,18.7333,-103.6833,77.0,53,40,1.12,MX,2021-01-13 23:39:08
397,Nuevo Progreso,23.1667,-97.95,62.01,49,99,4.0,MX,2021-01-13 23:39:08
398,Beloha,-25.1667,45.05,73.9,95,35,7.09,MG,2021-01-13 23:39:08
399,Pahrump,36.2083,-115.9839,63.0,16,83,1.01,US,2021-01-13 23:39:08
400,Kita,13.0349,-9.4895,72.7,19,11,5.12,ML,2021-01-13 23:39:08
401,Kudahuvadhoo,2.6708,72.8944,81.7,75,97,16.67,MV,2021-01-13 23:39:08
402,Acajutla,13.5928,-89.8275,82.4,47,20,5.75,SV,2021-01-13 23:39:08
403,Prince George,53.9166,-122.753,36.0,51,1,9.22,CA,2021-01-13 23:38:08
404,Tromso,69.6496,18.957,24.8,68,75,17.27,NO,2021-01-13 23:39:08
405,Khorramshahr,30.4397,48.1664,48.2,81,35,3.98,IR,2021-01-13 23:39:08
406,Taloqan,36.7361,69.5345,39.6,53,0,4.16,AF,2021-01-13 23:39:09
407,Medicine Hat,50.0501,-110.6683,36.0,64,90,29.93,CA,2021-01-13 23:36:43
408,Wakkanai,45.4094,141.6739,27.5,97,100,14.79,JP,2021-01-13 23:39:09
409,Avera,33.194,-82.5271,50.0,71,90,3.44,US,2021-01-13 23:39:09
410,Kjollefjord,70.9457,27.3465,25.66,97,100,17.16,NO,2021-01-13 23:39:09
411,Juruti,-2.1522,-56.0922,77.59,85,99,1.95,BR,2021-01-13 23:39:09
412,Shahreza,32.0339,51.8794,35.29,59,0,1.61,IR,2021-01-13 23:39:09
413,Narasannapeta,18.4167,84.05,68.47,90,86,4.36,IN,2021-01-13 23:39:09
414,Cosamaloapan,18.3667,-95.8,64.83,81,84,5.46,MX,2021-01-13 23:39:09
415,Codrington,-38.2667,141.9667,65.57,59,7,7.81,AU,2021-01-13 23:39:09
416,Asyut,27.181,31.1837,53.6,66,0,11.5,EG,2021-01-13 23:39:09
417,Dilla,6.41,38.31,62.83,54,59,2.13,ET,2021-01-13 23:39:10
418,Bilibino,68.0546,166.4372,-23.42,81,97,6.73,RU,2021-01-13 23:35:38
419,Semnan,35.5729,53.3971,39.04,65,0,2.1,IR,2021-01-13 23:39:10
420,Vila Franca Do Campo,37.7167,-25.4333,62.01,100,75,8.05,PT,2021-01-13 23:39:10
421,Dongobesh,-4.0667,35.3833,56.41,100,53,4.16,TZ,2021-01-13 23:39:10
422,Pombia,45.653,8.6336,37.0,64,0,4.61,IT,2021-01-13 23:39:10
423,Hay River,60.8156,-115.7999,19.4,93,96,18.41,CA,2021-01-13 23:39:10
424,Deputatskiy,69.3,139.9,-36.92,80,61,1.3,RU,2021-01-13 23:39:10
425,Waipawa,-41.4122,175.5153,73.4,60,2,14.97,NZ,2021-01-13 23:39:10
426,Salalah,17.0151,54.0924,73.4,28,0,11.5,OM,2021-01-13 23:34:43
427,Flinders,-34.5833,150.8552,86.0,51,0,8.05,AU,2021-01-13 23:39:10
428,Hurghada,27.2574,33.8129,69.8,60,0,3.44,EG,2021-01-13 23:39:11
429,Kushmurun,52.4503,64.6311,-17.7,84,0,3.98,KZ,2021-01-13 23:39:11
430,Balagansk,54.0103,103.0544,-23.89,85,21,1.43,RU,2021-01-13 23:39:11
431,Kajaani,64.2273,27.7285,-14.8,84,0,3.44,FI,2021-01-13 23:39:11
432,Atyrau,47.1167,51.8833,24.8,68,0,26.84,KZ,2021-01-13 23:35:02
433,Reci,45.85,25.9333,24.01,90,91,1.99,RO,2021-01-13 23:39:11
434,Konotop,51.2403,33.2026,20.37,97,99,8.84,UA,2021-01-13 23:39:11
435,Mandalgovi,45.7625,106.2708,4.37,91,95,6.73,MN,2021-01-13 23:39:11
436,Huarmey,-10.0681,-78.1522,71.06,83,87,8.37,PE,2021-01-13 23:35:48
437,Raudeberg,61.9875,5.1352,28.4,64,0,10.36,NO,2021-01-13 23:39:12
438,Itarema,-2.9248,-39.9167,79.02,79,99,13.76,BR,2021-01-13 23:39:12
439,Campo Verde,-20.4167,-54.0667,71.6,94,75,5.75,BR,2021-01-13 23:39:12
440,Mana,5.6592,-53.7767,77.43,84,63,11.14,GF,2021-01-13 23:39:12
441,Maiduguri,11.8464,13.1603,66.18,23,17,7.54,NG,2021-01-13 23:37:02
442,Araouane,18.9048,-3.5265,66.52,23,0,13.82,ML,2021-01-13 23:39:12
443,Saint-Marc-Des-Carrieres,46.6834,-72.0491,30.2,93,100,2.3,CA,2021-01-13 23:39:12
444,Krasnoselkup,65.7,82.4667,3.51,94,100,7.61,RU,2021-01-13 23:39:12
445,Kasamwa,-2.85,32.4333,64.22,82,60,2.26,TZ,2021-01-13 23:39:12
446,Mpika,-11.8343,31.4529,62.98,96,100,5.28,ZM,2021-01-13 23:39:12
447,Lincoln,40.8,-96.667,51.8,50,1,3.44,US,2021-01-13 23:39:12
448,Nadym,65.5333,72.5167,2.84,90,89,18.16,RU,2021-01-13 23:35:34
449,Anito,12.4497,125.2886,78.64,90,86,6.53,PH,2021-01-13 23:39:13
450,Hernani,43.2662,-1.9762,46.99,94,96,3.02,ES,2021-01-13 23:39:13
451,Royan,45.6285,-1.0281,46.4,100,75,6.91,FR,2021-01-13 23:39:13
452,Gisborne,-38.6533,178.0042,73.0,72,85,1.99,NZ,2021-01-13 23:39:13
453,Turukhansk,65.8167,87.9833,-18.51,87,100,8.7,RU,2021-01-13 23:39:13
454,Puerto Del Rosario,28.5004,-13.8627,60.8,55,0,8.05,ES,2021-01-13 23:39:13
455,Traverse City,44.7631,-85.6206,36.0,80,75,5.75,US,2021-01-13 23:35:30
456,Coquimbo,-29.9533,-71.3436,60.8,77,0,10.36,CL,2021-01-13 23:35:29
457,Roebourne,-20.7833,117.1333,98.02,25,6,4.83,AU,2021-01-13 23:39:13
458,Cabo San Lucas,22.8909,-109.9124,73.99,40,40,8.05,MX,2021-01-13 23:37:58
459,Miri,4.4148,114.0089,77.0,100,40,4.61,MY,2021-01-13 23:39:13
460,Manacapuru,-3.2997,-60.6206,77.0,94,75,2.35,BR,2021-01-13 23:39:13
461,Pimentel,-6.8367,-79.9342,73.4,73,0,21.85,PE,2021-01-13 23:39:14
462,Eureka,40.8021,-124.1637,59.0,94,73,1.99,US,2021-01-13 23:35:35
463,Berdigestyakh,62.0989,126.6992,-43.51,79,70,3.58,RU,2021-01-13 23:39:14
464,Prince Albert,53.2001,-105.7677,32.0,93,90,13.8,CA,2021-01-13 23:39:14
465,Kandalaksha,67.162,32.4123,-10.73,89,68,1.63,RU,2021-01-13 23:39:14
466,Jos,9.9167,8.9,66.2,39,0,4.61,NG,2021-01-13 23:39:14
467,Hervey Bay,-25.2986,152.8535,82.99,60,6,4.0,AU,2021-01-13 23:39:14
468,Hofn,64.2539,-15.2082,39.69,92,100,15.86,IS,2021-01-13 23:35:35
469,Campina Verde,-19.5356,-49.4864,76.64,77,100,2.48,BR,2021-01-13 23:39:14
470,Egvekinot,66.3167,-179.1667,-12.73,88,86,12.08,RU,2021-01-13 23:39:14
471,Lazurne,46.084,32.5295,36.16,81,62,12.71,UA,2021-01-13 23:39:15
472,Umm Lajj,25.0213,37.2685,73.29,36,2,4.29,SA,2021-01-13 23:39:15
473,Roma,43.2128,-75.4557,33.8,69,90,4.61,US,2021-01-13 23:39:15
474,Ust-Maya,60.4167,134.5333,-46.64,76,84,0.47,RU,2021-01-13 23:39:15
475,Puerto Madero,14.7208,-92.4215,84.2,70,20,9.22,MX,2021-01-13 23:39:15
476,Oliveira Dos Brejinhos,-12.3169,-42.8961,71.15,82,46,1.9,BR,2021-01-13 23:39:15
477,Omboue,-1.5746,9.2618,73.44,89,100,3.89,GA,2021-01-13 23:35:21
478,Noshiro,40.2039,140.0242,35.6,80,75,17.27,JP,2021-01-13 23:39:15
479,Kemin,42.7846,75.6892,22.68,89,71,2.15,KG,2021-01-13 23:39:15
480,Belyy,55.8402,32.9419,10.11,95,100,12.01,RU,2021-01-13 23:39:15
481,Cooma,-36.2333,149.1333,77.0,33,40,14.97,AU,2021-01-13 23:39:16
482,Granger,41.7481,-86.1257,39.2,75,1,4.61,US,2021-01-13 23:35:15
483,Sorland,67.667,12.6934,34.88,85,92,1.39,NO,2021-01-13 23:39:16
484,Maniitsoq,65.4167,-52.9,22.82,96,100,11.54,GL,2021-01-13 23:39:16
485,Tabas,33.5959,56.9244,32.0,23,0,4.61,IR,2021-01-13 23:39:16
486,Piacabucu,-10.4056,-36.4344,78.19,78,88,10.74,BR,2021-01-13 23:39:16
487,Furano,43.2818,142.4743,28.4,74,75,17.27,JP,2021-01-13 23:39:16
488,Kahului,20.8947,-156.47,84.2,48,20,4.61,US,2021-01-13 23:39:16
489,Correntina,-13.3433,-44.6367,71.22,88,40,3.06,BR,2021-01-13 23:39:16
490,Srinagar,34.0833,74.8167,22.26,81,0,1.52,IN,2021-01-13 23:39:16
491,Pasan,22.85,82.2,44.33,54,0,2.51,IN,2021-01-13 23:39:16
492,Port Lincoln,-34.7333,135.8667,62.87,62,59,11.59,AU,2021-01-13 23:35:43
493,Kidal,18.4411,1.4078,69.28,21,0,6.98,ML,2021-01-13 23:38:14
494,Ranot,7.7777,100.3213,77.38,75,95,8.93,TH,2021-01-13 23:39:16
495,Verkhnevilyuysk,63.4453,120.3167,-22.36,86,99,6.15,RU,2021-01-13 23:34:56
496,Banda Aceh,5.5577,95.3222,77.2,82,99,9.04,ID,2021-01-13 23:39:16
497,Sedona,34.8697,-111.761,62.01,10,1,1.72,US,2021-01-13 23:37:18
498,Okha,53.5739,142.9478,-5.69,88,100,11.95,RU,2021-01-13 23:39:17
499,Nieuw Amsterdam,5.8833,-55.0833,79.0,89,20,2.3,SR,2021-01-13 23:39:17
500,Zhoucheng,35.9122,116.3117,32.38,93,0,8.84,CN,2021-01-13 23:39:17
501,Iranshahr,27.2025,60.6848,45.43,37,0,0.74,IR,2021-01-13 23:39:17
502,Nikolayevsk-Na-Amure,53.1406,140.73,-9.26,87,100,3.71,RU,2021-01-13 23:39:17
503,Cabinda,-5.55,12.2,77.79,82,9,8.05,AO,2021-01-13 23:39:17
504,Bereznyky,48.5141,23.2198,28.99,92,100,3.0,UA,2021-01-13 23:39:17
505,Elat,29.5581,34.9482,71.6,78,0,13.8,IL,2021-01-13 23:39:17
506,Canguaretama,-6.38,-35.1289,80.6,78,40,6.91,BR,2021-01-13 23:39:17
507,Chihuahua,28.5,-106.0,60.8,21,1,4.61,MX,2021-01-13 23:39:17
508,Dzhebariki-Khaya,62.2167,135.8,-46.23,76,72,0.47,RU,2021-01-13 23:35:47
509,Peterhead,57.5058,-1.7981,33.8,93,75,2.3,GB,2021-01-13 23:35:28
510,Sisimiut,66.9395,-53.6735,18.91,96,100,8.3,GL,2021-01-13 23:39:18
511,Ucluelet,48.9329,-125.5528,48.2,71,75,4.61,CA,2021-01-13 23:39:18
512,Vestmanna,62.1564,-7.1664,39.2,87,75,19.57,FO,2021-01-13 23:39:18
513,Cayenne,4.9333,-52.3333,78.8,83,75,8.05,GF,2021-01-13 23:39:18
514,La Orilla,17.9833,-102.2333,79.92,59,53,6.44,MX,2021-01-13 23:39:18
515,Saint-Martin-Boulogne,50.7269,1.6186,50.0,93,90,12.66,FR,2021-01-13 23:39:18
516,Palaia Fokaia,37.72,23.9463,52.0,87,40,1.14,GR,2021-01-13 23:39:18
517,Bela,25.9333,81.9833,44.04,58,0,3.58,IN,2021-01-13 23:39:18
518,Mae Hong Son,19.3003,97.9685,58.41,86,26,1.68,TH,2021-01-13 23:39:18
519,Tigil,57.8,158.6667,-5.3,89,3,6.02,RU,2021-01-13 23:39:18
520,Konya,38.1667,32.5,37.4,93,75,1.14,TR,2021-01-13 23:34:32
521,Anadyr,64.75,177.4833,-7.6,77,90,6.71,RU,2021-01-13 23:39:19
522,Kerrobert,51.9168,-109.1348,30.2,100,90,58.7,CA,2021-01-13 23:38:08
523,Sinnamary,5.3833,-52.95,77.47,86,70,13.33,GF,2021-01-13 23:39:19
524,Tovste,48.8466,25.7262,28.99,87,91,11.79,UA,2021-01-13 23:39:19
525,Tabuk,17.4189,121.4443,70.54,87,80,5.84,PH,2021-01-13 23:39:19
526,Batagay,67.6333,134.6333,-44.39,73,21,1.16,RU,2021-01-13 23:39:19
527,Korla,41.7597,86.1469,18.39,82,36,7.72,CN,2021-01-13 23:39:19
528,Arang,21.2,81.9667,55.44,40,48,4.99,IN,2021-01-13 23:39:19
529,Humaita,-7.5061,-63.0208,78.1,82,98,3.67,BR,2021-01-13 23:39:19
530,Mponela,-13.5319,33.7401,64.62,89,100,3.98,MW,2021-01-13 23:39:19
531,Nome,64.5011,-165.4064,17.6,93,90,6.91,US,2021-01-13 23:35:32
532,Gornyye Klyuchi,45.25,133.5,0.57,90,100,6.44,RU,2021-01-13 23:39:20
533,Kabelvag,68.2114,14.4817,28.0,82,95,4.65,NO,2021-01-13 23:39:20
534,Coxim,-18.5067,-54.76,79.34,76,75,2.8,BR,2021-01-13 23:39:20
535,Taoudenni,22.6783,-3.9836,59.94,31,0,13.65,ML,2021-01-13 23:39:20
536,Kathmandu,27.7167,85.3167,46.4,87,75,2.3,NP,2021-01-13 23:34:44
537,Sao Gabriel Da Cachoeira,-0.1303,-67.0892,74.5,97,97,1.43,BR,2021-01-13 23:39:20
538,Grand-Santi,4.25,-54.3833,72.34,97,98,2.55,GF,2021-01-13 23:39:20
539,Praia Da Vitoria,38.7333,-27.0667,60.01,100,75,9.78,PT,2021-01-13 23:39:20
540,Shimoda,34.6667,138.95,46.4,76,20,1.14,JP,2021-01-13 23:39:20
541,Paamiut,61.994,-49.6678,24.51,96,100,10.83,GL,2021-01-13 23:39:20
542,Tandil,-37.3217,-59.1332,63.75,51,33,12.21,AR,2021-01-13 23:39:20
543,Huilong,31.8111,121.655,50.0,72,0,4.59,CN,2021-01-13 23:39:20
544,Bullhead City,35.1478,-114.5683,68.0,13,40,21.85,US,2021-01-13 23:39:20
545,Makakilo City,21.3469,-158.0858,82.4,61,20,13.8,US,2021-01-13 23:39:21
546,Baghmara,23.795,86.2085,49.48,52,0,4.18,IN,2021-01-13 23:39:21
547,Sur,22.5667,59.5289,64.22,55,0,2.64,OM,2021-01-13 23:39:21
548,Hun,29.1268,15.9477,48.69,56,5,7.11,LY,2021-01-13 23:39:21
549,Keetmanshoop,-26.5833,18.1333,71.6,94,95,5.75,NA,2021-01-13 23:39:21
550,Pshekhskaya,44.696,39.7967,35.01,100,75,8.95,RU,2021-01-13 23:39:21
551,Yulara,-25.2406,130.9889,93.2,18,0,19.57,AU,2021-01-13 23:37:25
552,Ringas,27.35,75.5667,50.0,71,0,2.62,IN,2021-01-13 23:39:21
553,Nara,34.6851,135.8049,37.99,87,20,2.3,JP,2021-01-13 23:37:03
554,Kunming,25.0389,102.7183,39.0,93,0,4.47,CN,2021-01-13 23:39:21
555,Ancud,-41.8697,-73.8203,63.0,59,0,5.75,CL,2021-01-13 23:39:21
556,Milkovo,54.7167,158.6167,-4.54,85,0,0.89,RU,2021-01-13 23:39:21
557,Dwarka,22.2394,68.9678,64.98,40,2,6.69,IN,2021-01-13 23:39:21
558,Udachnyy,66.4167,112.4,-28.26,82,100,11.3,RU,2021-01-13 23:39:22
559,Qasigiannguit,68.8193,-51.1922,24.8,80,75,12.66,GL,2021-01-13 23:39:22
560,Surt,31.2089,16.5887,57.65,71,35,22.15,LY,2021-01-13 23:39:22
561,Caucaia,-3.7361,-38.6531,81.0,74,20,6.91,BR,2021-01-13 23:39:22
562,Lorengau,-2.0226,147.2712,85.39,68,98,9.33,PG,2021-01-13 23:39:22
563,Sidi Ali,36.0998,0.4206,46.67,85,0,6.08,DZ,2021-01-13 23:39:22
564,San Buenaventura,27.0833,-101.5333,63.5,29,0,7.02,MX,2021-01-13 23:39:22
565,Palana,59.1167,159.9667,0.7,95,99,9.55,RU,2021-01-13 23:39:22
566,Mashiko,36.4667,140.1,39.99,93,20,5.75,JP,2021-01-13 23:39:22
567,Mitu,1.1983,-70.1733,73.09,96,97,2.06,CO,2021-01-13 23:39:22
568,Manokwari,-0.8667,134.0833,81.97,73,100,6.62,ID,2021-01-13 23:39:22
569,Palasa,18.7667,84.4167,67.98,85,32,3.51,IN,2021-01-13 23:39:22
